Projet;REEL MED STADE RUGBY;
Tableau;TD LOCAL TGBT;1
Constructeur;Référence;Quantité
Schneider Electric;18807;4
Schneider Electric;A9F84204;1
Schneider Electric;A9Q14225;1
Schneider Electric;LC1D80Q7;4
Schneider Electric;3402;1
Schneider Electric;3205;1
Schneider Electric;8403;1
Schneider Electric;8513;1
Schneider Electric;8733;1
Schneider Electric;8433;1
Schneider Electric;8493;1
Schneider Electric;8407;1
Schneider Electric;8518;1
Schneider Electric;8738;1
Schneider Electric;8438;1
Schneider Electric;8497;1
Schneider Electric;8566;1
Schneider Electric;8750;1
Schneider Electric;4502;4
Schneider Electric;1109;1
Schneider Electric;4651;3
Schneider Electric;4502;1
Schneider Electric;4657;1
Schneider Electric;4767;1
Schneider Electric;8794;1
Schneider Electric;8773;1
Schneider Electric;3802;1
Schneider Electric;3803;1
Schneider Electric;3401;1
Schneider Electric;3203;1
Schneider Electric;3572;1
Schneider Electric;3402;3
Schneider Electric;3803;3
Schneider Electric;4200;3
Schneider Electric;4205;3
Schneider Electric;3581;3
Schneider Electric;3401;2
Schneider Electric;3204;2
